ID,Name,Age,Location
1,John Doe,25,New York
2,Jane Smith,30,Los Angeles
3,Robert Johnson,22,Chicago
4,Emily Davis,28,San Francisco
5,Michael Brown,35,Miami
6,Amy Wilson,26,Houston
7,Chris Miller,32,Seattle
8,Megan Taylor,29,Boston
9,Brian Moore,27,Atlanta
10,Sarah Clark,31,Dallas
11,David White,24,Denver
12,Kelly Garcia,33,Phoenix
13,Mark Turner,23,Detroit
14,Lisa Martinez,28,Philadelphia
15,Jason Thompson,29,San Diego
16,Amanda Lewis,26,Minneapolis
17,Steven Harris,30,Tampa
18,Natalie Scott,34,Portland
19,Richard Walker,25,Charlotte
20,Katie Adams,27,St. Louis
21,Brandon Wright,32,San Antonio
22,Lauren Hall,29,Orlando
23,Daniel Robinson,31,Sacramento
24,Olivia Young,26,Kansas City
25,Jeffrey Bell,33,Indianapolis
26,Samantha Turner,28,Columbus
27,Peter Foster,30,Milwaukee
28,Christine Lee,27,Raleigh
29,Jeremy Allen,29,Austin
30,Anna Moore,25,Las Vegas
31,Matthew Davis,31,Salt Lake City
32,Tiffany Carter,28,Cincinnati
33,Alan Adams,26,Pittsburgh
34,Karen Green,33,Baltimore
35,Scott Wilson,29,San Jose
36,Linda Hall,27,Memphis
37,Randy Brown,30,New Orleans
38,Marie Johnson,32,Louisville
39,Joshua Taylor,28,Oklahoma City
40,Ashley Turner,26,Tucson
41,Carlos Clark,31,Albuquerque
42,Rebecca Harris,29,Fresno
43,Gregory Allen,34,Omaha
44,Kelly Smith,25,Virginia Beach
45,Nancy Lee,27,San Bernardino
46,Ryan Young,29,Colorado Springs
47,Jennifer Foster,30,Richmond
48,Phillip Thompson,28,Nashville
49,Bethany Lewis,33,El Paso
50,Derek Miller,26,Mesa
51,Melissa White,31,Louisville
52,Timothy Harris,28,Oklahoma City
53,Courtney Turner,29,Tucson
54,Paul Clark,27,Albuquerque
55,Ashley Harris,26,Fresno
56,George Davis,31,Omaha
57,Angela Johnson,29,Virginia Beach
58,Bryan Lee,30,San Bernardino
59,Carrie Allen,28,Colorado Springs
60,Keith Wilson,33,Richmond
61,Stacy Thompson,25,Nashville
62,Jason Lewis,27,El Paso
63,Allison Foster,29,Mesa
64,Jeremy Carter,30,Louisville
65,Laura Turner,28,Oklahoma City
66,Kyle Smith,33,Tucson
67,Tara Harris,26,Albuquerque
68,Christopher Hall,31,Fresno
69,Victoria Adams,29,Omaha
70,Marcus Miller,30,Virginia Beach
71,Heather Young,28,San Bernardino
72,Joseph Robinson,33,Colorado Springs
73,Kristen Davis,25,Richmond
74,Shane Clark,27,Nashville
75,Andrea White,29,El Paso
76,Brandon Turner,30,Mesa
77,Amber Harris,28,Louisville
78,Richard Thompson,33,Oklahoma City
79,Emily Lee,26,Tucson
80,Stephen Foster,31,Albuquerque
81,Christina Taylor,29,Fresno
82,Michael Allen,34,Omaha
83,Melanie Smith,25,Virginia Beach
84,Jonathan Harris,27,San Bernardino
85,Amanda Hall,30,Colorado Springs
86,Joshua Carter,28,Richmond
87,Michelle Young,33,Nashville
88,Daniel Robinson,26,El Paso
89,Erin Turner,31,Mesa
90,Justin Lewis,29,Louisville
91,Sara Miller,30,Oklahoma City
92,Nathan Thompson,28,Tucson
93,Brittany Harris,33,Albuquerque
94,Daniel Lee,26,Fresno
95,Christine Adams,31,Omaha
96,Kevin Taylor,29,Virginia Beach
97,Julia Foster,34,San Bernardino
98,Adam Clark,25,Colorado Springs
99,Lisa Turner,27,Richmond
100,Robert White,30,Nashville